Epoch,Train_Loss,Val_Loss,Val_R2,Val_MAE,Val_MSE
1,9.627963980761441,6.09936120112737,0.03979940710834773,1.9905914001464844,6.1370030245934775
2,6.021562636982311,5.775659094254176,0.09836752268568227,1.9735628067652384,5.762672176327275
3,1.3731171915476972,0.7291031181812286,0.886522022531467,0.7572479290366173,0.7252804217209229
4,0.3057812165807594,0.08500380457068483,0.9867125301307029,0.2111045575539271,0.08492521602334856
5,0.17484430731697517,0.14057291205972433,0.9780117196421367,0.31047416655222576,0.14053536736051903
6,0.1990527807311578,0.08866346006592114,0.9860907662617536,0.26386120065053303,0.08889914269301796
7,0.18276317065412348,0.023742786492221057,0.9962981829922672,0.11122078190247218,0.023659704379614975
8,0.1202892839569937,0.04409774765372276,0.9931017337559493,0.1543226741552353,0.04408941331383562
9,0.16847625896334648,0.07879845503096779,0.9876955737040266,0.24693771174550055,0.07864221492185357
10,0.14019465514204718,0.02257892470030735,0.9964484914401655,0.11080315328141054,0.02269902657312117
11,0.13424947349862618,0.027270429767668247,0.9957689087082181,0.1174059900045395,0.027042495336103835
12,0.13054837320338597,0.15344221331179142,0.9760655165152265,0.3699943524599075,0.15297428331697716
13,0.12626705996014856,0.012947708911572894,0.9979485780228754,0.09056629343827566,0.01311140919046693
14,0.11068268607963215,0.012096961630353084,0.9980882065819028,0.08459790508945783,0.01221899056938453
15,0.1211494521999901,0.03950875221441189,0.9938242239940231,0.17682328946391743,0.03947170654597638
16,0.11271157664331523,0.018908853953083355,0.9970374892242146,0.10849755888183911,0.01893452027209587
17,0.10290590782057155,0.07004740741103888,0.9890473959290551,0.22378458182513714,0.07000221079653918
18,0.09912152696739543,0.02967577489713828,0.9953348044846017,0.15028352229793868,0.029817018652424934
19,0.0849711614576253,0.006692525659066935,0.9989360415142149,0.05960432892044385,0.006800158731043287
20,0.08711873001673005,0.008646351130058369,0.9986351063045721,0.069514855970939,0.008723548807509474
1,21.083574693853205,6.369998296101888,-0.0017911951541120796,2.0294425868988037,6.4028242017193095
2,7.3833567706021395,6.352623820304871,0.0008295483012145111,2.0223818009694416,6.386074044896777
3,7.254610000957142,6.315328319867452,0.00665377458834715,2.0179689025878904,6.348849224786628
4,7.155740729245273,5.978495558102925,0.05915326799327103,1.9681751384735107,6.013305222626239
5,6.694200780174949,5.1697612007459,0.1862831686993064,1.81004327583313,5.2007702263713025
6,5.821672088449652,4.682452877362569,0.262350292336643,1.7519724966684977,4.714596637966596
7,4.870779614015059,2.804292460282644,0.5574854136627467,1.3383975038528442,2.828277106765848
8,3.0419762112877584,1.88446040948232,0.7033369809256,1.1256475696563721,1.8960849001996618
9,1.8285903020338579,0.9866571029027303,0.8448664923912472,0.7770729465484619,0.9915165773264002
10,0.9351521351120688,0.3789440269271533,0.941021356340676,0.47188512245814007,0.376954687596756
11,0.9066499612548135,0.2915799493590991,0.9546533165424753,0.4278866893450419,0.2898277043300206
12,0.7000299139456315,0.3118412134548028,0.9514951692993723,0.4469983787536621,0.31001261082405535
13,0.7335926912047647,0.13463791894416013,0.9789225948726072,0.27769939390818277,0.1347136212734947
14,0.6140069332989779,0.2685281311472257,0.9579068473183123,0.38386106316248575,0.26903316581407405
15,0.698201185464859,0.10429974024494489,0.9836438109431691,0.25640005167325336,0.10453855418929159
16,0.43059444210746073,0.13301677567263445,0.9792209279572807,0.2933488882382711,0.13280686235610742
17,0.45935824594714425,0.06940198379258315,0.9892113895640828,0.20771852691968282,0.06895406581347069
18,0.6003076076507569,0.24670146281520525,0.9614583100173291,0.44867492755254107,0.24633443235468333
19,0.6119306607679887,0.05512569254885117,0.9913232555753734,0.1775189193089803,0.055456336073692686
20,0.43615576516498217,0.10519846715033054,0.9834581432945863,0.23264914131164552,0.10572522594242081
1,9.365670951929959,6.4847385088602705,-0.017825498286686114,2.0416077276865643,6.505305461937566
2,7.084124970436096,6.371667106946309,-0.0012847641327444759,2.02849626604716,6.399587410643685
3,7.103043525869196,6.361133396625519,-0.00035521727248633006,2.0201789360046387,6.393646327150155
4,7.079425725069913,6.554969886938731,-0.028385801881955608,2.0457572135925295,6.572800332889086
5,6.540270480242643,2.674431969722112,0.5801709268496433,1.3128850065867106,2.6832854622354345
6,1.408419888534329,0.17801596006999412,0.9720535554619636,0.3242322849432627,0.17861623490573686
7,0.2918180062012239,0.40328872203826904,0.9378199591024904,0.5760914285009106,0.3974160210713616
8,0.20588061768900265,0.5456462303797404,0.9149579661495183,0.7111466504236063,0.5435356141431563
9,0.23666174557398667,0.0315163170453161,0.9951703681292793,0.1238203779309988,0.030867993227359725
10,0.14815096055919474,0.1298600792263945,0.9796528162841254,0.32654661440849303,0.13004650166923204
11,0.135396019640294,0.027471664710901678,0.995707657847977,0.11992231028278669,0.027433972614228343
12,0.14162807403640312,0.029924889250348013,0.9953592215034267,0.12439289079109828,0.029660960304314306
13,0.1543651139194315,0.017883877463949222,0.9971880058860395,0.0951276394824187,0.017972511692108298
14,0.13549364652823317,0.08959924786662062,0.9860014816787716,0.25709729184707003,0.08946979403385982
15,0.10263591381636533,0.5165510339041551,0.9193387378289628,0.6870184756318728,0.5155364551696748
16,0.13610643758015198,0.025703663394475978,0.9959880539362853,0.1305333546002706,0.025641855784920474
17,0.06763097010552883,0.0675431143802901,0.989448603951052,0.23940477647384006,0.06743793947374045
18,0.08283211179077625,0.010837650605632613,0.998320055091209,0.08382726553082466,0.010737159571368579
19,0.07627617445859042,0.018637378118000925,0.9971098189188001,0.11864854128162067,0.01847223399803515
20,0.08071357455443252,0.009675657279634228,0.998489820021767,0.07505283056696256,0.009652128068558627
1,16.37202857624401,6.528812249501546,-0.028418001829976225,2.1020322774251303,6.573006134864067
2,6.977986823428761,6.136050442854564,0.03668863038028558,1.9783662796020507,6.156885168314572
3,6.982009536569769,6.48041953643163,-0.01669927532895854,2.026288483937581,6.498107347554899
4,6.045441579818726,4.9040631254514055,0.2330979309852148,1.7343232332865397,4.901559478251442
5,4.6823456590825865,2.655799776315689,0.5825967051676595,1.2942197720209758,2.6677814009123453
6,1.8891142173246904,0.8715589468677839,0.8617166009952696,0.7496849212646485,0.883821197597258
7,1.0890655132857237,1.049961119890213,0.8343158660054236,0.8503459329605103,1.0589495975937198
8,0.6428221048279242,0.29369941415886086,0.9539330143521236,0.43065967774391173,0.29443142646218173
9,0.5697297352281484,0.42055326079328853,0.9344345049909342,0.5119607302149137,0.4190537312290631
10,0.4263093601573597,0.3525550588965416,0.945322320285492,0.49040134036540983,0.349465609862993
11,0.3295470153066245,0.13959356925139824,0.9784356269833068,0.28573859719435374,0.13782601615394066
12,0.30997856706380844,0.7524388954043388,0.8824760182597838,0.7926652306715647,0.7511399563188558
13,0.3106310534883629,0.07402003882452846,0.988543967222454,0.20480216626326242,0.07321981294962106
14,0.22864068123427303,0.09646685669819514,0.9851070727976925,0.24992870231469472,0.09518629749057508
15,0.1949289923364466,0.16486456027875343,0.9742408769382852,0.3177441780368487,0.16463624091769055
16,0.16496036012064327,0.039285230838383235,0.9938686909869172,0.14827825129032135,0.03918750127480096
17,0.23545588180422783,0.048455597988019385,0.9924502586060884,0.17074618714551132,0.048253235951253616
18,0.19470630054446783,0.03779680475903054,0.994114213674643,0.15139304411411286,0.03761827346101451
19,0.15514315559782765,0.21122417443742356,0.9669336334868018,0.3903859209517638,0.21133958133965872
20,0.16570341929116034,0.022716149338521063,0.9964540956312439,0.11420403591791789,0.022663208080763317
1,11.826271447268399,6.5627734661102295,-0.03167305623125172,2.0475920378367105,6.593810411443073
2,7.093157828937877,6.360085725784302,-0.0002899783971916925,2.026104772567749,6.393229360968329
3,7.085141658782959,6.394915183385213,-0.005622772587194902,2.033711083730062,6.427313253767256
4,7.1074801011519,6.3908664782842,-0.005298542412597751,2.04638965733846,6.425240976810859
5,7.071411557631059,6.474907358487447,-0.01801760414710163,2.0409846121470134,6.506533282723287
6,7.067292100732977,6.0073511600494385,0.056224958387057655,1.9538928305308023,6.032021150363961
7,7.119127186861905,6.30837353070577,0.007821119668082965,2.0178748086293536,6.341388283460287
8,6.705520465157249,5.303911606470744,0.16530415359933814,1.857726022084554,5.334854999984876
9,6.824563442577015,5.7314625183741255,0.09761911075284113,1.9070536778767904,5.76745555839295
10,6.431912768970836,5.611029346783956,0.11481478690341973,1.8929864069620768,5.657551526540369
11,6.668608466061679,5.554899573326111,0.12428127060166938,1.8729147758483886,5.597047669826985
12,6.493112104589289,5.838328917821248,0.08054021920045762,1.9320627536773682,5.876613175967456
13,6.445554087378762,5.995685458183289,0.05477872863453592,1.976490930557251,6.0412645484947145
1,26.006899335167624,6.383971651395162,-0.004486933684439975,2.0407303733825684,6.4200536802643215
2,7.108362317085266,6.377553562323253,-0.003963625026627282,2.0588531392415366,6.416709017868185
3,7.030627905238759,6.198387026786804,0.02633771812259389,1.996729040781657,6.223041740496489
4,6.457064908201044,5.207507789134979,0.18090988399077568,1.8238421179453532,5.235112909298572
5,5.93845562284643,4.736753682295482,0.25491053700908506,1.7390556780497233,4.762146911613022
6,5.589999777620489,4.1626376410325365,0.34875029590996376,1.6021726862589518,4.16238172872816
7,3.5375892704183407,1.867011308670044,0.7044120101566268,1.0719519538879394,1.8892139841731792
8,1.8362136683680794,1.0775472211341064,0.8284209698026258,0.7990538469950358,1.0966260957067728
9,1.3240370094776153,0.7724073119461536,0.877272099872664,0.6725661045710246,0.7844001554042528
10,1.0135570992122998,0.7607473743458589,0.8795334873002607,0.6753629064559936,0.7699467780728089
11,1.003563123399561,0.796534825116396,0.8737089162814038,0.7275781389872233,0.8071738014930269
12,0.752127824046395,0.3709317408502102,0.940954626331169,0.4663465394973755,0.3773811841779982
13,0.6515378564596176,0.4511147662997246,0.9289106315344167,0.5094337774912516,0.45435888346608605
14,0.6197854107076471,0.6775701952477297,0.8942580051006283,0.7037732903162638,0.6758368483919669
15,0.802423007921739,0.31040965237965185,0.9506357487520956,0.42467679023742677,0.3155054906838268
16,0.4570530872453343,0.5720958635210991,0.9100435319055092,0.6562033100128174,0.5749456112238942
17,0.4196949018673463,0.28724707414706546,0.9550280022759504,0.42833766174316407,0.2874329469255454
18,0.5752741067246957,0.23745001386851072,0.9622991408808087,0.39333056545257566,0.24096036615378028
19,0.5128340053287419,0.20081523278107247,0.9683032000387277,0.3488030859629313,0.2025861665492765
20,0.3428520824421536,0.17263689326743284,0.9726701900424668,0.32246682993570963,0.17467509144713858
1,17.03380865617232,6.345005393028259,0.002037802706153058,2.022394957224528,6.378351636691159
2,7.176496479728005,6.299262722333272,0.009225315865560413,2.013893450419108,6.332413537584438
3,7.056515190818093,6.221809943517049,0.021346109786440914,1.9995048910776774,6.254944986217576
4,6.803399619189176,5.53385325272878,0.12962671998994257,1.8835515041351318,5.562882892897561
5,5.044182426279241,3.9703945914904275,0.3769130041537131,1.5306986452738445,3.9823832711640583
6,3.5906052589416504,1.9083779056866963,0.700036076868872,1.1126587022145589,1.9171822191661365
7,2.256357271021063,1.0461860845486324,0.8356645198147965,0.7867535301049551,1.0503298440041853
8,1.0184761659665542,0.4051607723037402,0.9366033112281164,0.5056676854292552,0.40519207509608673
9,1.2946864664554596,1.2104237178961437,0.8102581377805497,1.015015596628189,1.2127115843847018
10,0.9256270018490877,0.3519531339406967,0.9447442857071895,0.5098910772005717,0.35316004619392577
11,0.46177766702391887,0.10657025128602982,0.9833403496957565,0.25462380139033,0.10647808912293463
12,0.40858765677972275,0.5391494085391363,0.915651480778752,0.632277553955714,0.5391031013862233
13,0.42548713033849545,0.17560807367165884,0.9725359937833054,0.3243038302262624,0.17553279019723325
14,0.4825147542086515,0.21590473006169,0.9662676359941377,0.4039454321861267,0.21559622173033244
15,0.2773644955320792,0.27544744809468585,0.9570124743912748,0.46458505098025005,0.27474943947499186
16,0.25536729449575596,0.06611473423739274,0.9896619098744092,0.19836525265375773,0.0660746211145385
17,0.216834909807552,0.044709901325404644,0.9930215001252748,0.15939135885238648,0.044602216615321384
18,0.2773617898876017,0.08644442912191153,0.9864860500926428,0.23897372126579286,0.0863727351030852
19,0.27639752192930744,0.5422887528936068,0.9149747957603643,0.6991068716049195,0.5434280497723056
20,0.28515852256254715,0.04403390362858772,0.9931461942901807,0.16193403069178264,0.04380524932240218
1,31.937929658456284,6.353114068508148,0.0006450217299184269,2.025808630625407,6.387253423595921
2,7.266702218489214,6.322214941183726,0.005824322234169177,2.015755382537842,6.354150566656265
3,7.227244264429266,6.270331899325053,0.014777615663449484,2.0107586867014566,6.296926701911405
4,6.892640683867715,5.388361354668935,0.15529570915789115,1.8206573689778647,5.398822731585275
5,6.1204933708364315,4.6512578427791595,0.27003753850806034,1.7248383928934734,4.665464557280507
6,5.838471733440052,4.395814587672551,0.31042472954148337,1.6645062503814698,4.407334833802072
7,5.417878827181729,4.20896703004837,0.33966267965846,1.625989003499349,4.220464101135231
8,5.051559281349182,3.6498488088448844,0.42536840295231704,1.5315852890014647,3.672686598212232
9,4.48591409813274,3.413252517580986,0.45923589795517006,1.5032023906707763,3.456226703470877
10,3.776215590130199,3.0478767404953637,0.5168212697162902,1.419604555130005,3.088176940445776
11,3.0257073283195495,2.7901175767183304,0.55780226156171,1.364712615331014,2.826252012708764
12,2.4329358274286443,1.5909121756752331,0.7477333520071755,1.0054044809341431,1.612330999581787
13,2.1559459469535134,1.2665641208489735,0.7991423154162943,0.8902481107711792,1.2837569846638663
14,1.9337239536372097,1.0885678008198738,0.8280239190739344,0.8224359137217204,1.0991637962049134
15,1.6582425691864706,3.7651035686333976,0.4047606959032004,1.703517458597819,3.8043982024609866
16,1.625973933393305,1.1367855593562126,0.8195251380401036,0.8492840442657471,1.1534827013337947
17,1.5144230536439203,0.7082261343797048,0.8886687067853491,0.6548962802886963,0.711560155501082
18,1.1728000554171476,0.8416743154327074,0.8665917365396388,0.7241152499516805,0.8526623732822294
19,1.039758523214947,0.8966889667014281,0.8579426539472002,0.7424088134765625,0.9079419121855599
20,1.3261052091013301,1.562966672082742,0.7537742624921728,1.0980361528396607,1.5737212692898261
1,22.95699614611539,6.345481475194295,0.0013479689727423638,2.0451784693400064,6.38276062345887
2,7.085115760022943,6.220988472302754,0.0220829549198025,2.000355370203654,6.250235531916493
3,6.68756927576932,5.349010735750198,0.16010877776927201,1.8264186573028565,5.3680606003761415
4,5.967720807682384,4.946707397699356,0.2247663891139311,1.759241579055786,4.95480949501056
5,5.256800976666537,4.241720209519069,0.3359632666968173,1.6111466967264811,4.244108440352362
6,3.4991975730115716,1.8010087062915165,0.7156638389365292,1.0524111391703288,1.8172993157532018
7,1.9428275314244356,1.4655030046900113,0.7705945662226101,0.9791050084431966,1.4662163837143993
8,1.6812861718914724,1.5947852085034053,0.7503015039748817,1.0423570016225179,1.5959169747310362
9,1.4660032732920214,0.7363783046603203,0.884542687100242,0.6522169046401978,0.7379310986920042
10,1.248355835134333,1.1692745474477608,0.8157820142757822,0.8784468746185303,1.1774064127261084
11,0.9888313867829063,0.5565235962470373,0.9125122167399133,0.5503684968948365,0.5591673182217194
12,0.8651446626944975,0.4068094914158185,0.9372384625513621,0.47350803979237877,0.4011325841723256
13,0.9392065245996822,0.37834398572643596,0.9409494626547343,0.4761255941390991,0.37741418717563474
14,0.7987888028675859,0.5581056649486223,0.9135301418419699,0.5652520097096762,0.5526613761546375
15,0.7100393830375238,0.22774138332655033,0.9644800262642538,0.35564427471160887,0.2270215076552785
16,0.7247242251580411,0.7171304573615392,0.887603443086562,0.7168189846674601,0.7183686563391818
17,0.6386314188892191,0.19417384887735048,0.9696197485653191,0.3305676771799723,0.1941716098935855
18,0.6906180488792333,0.17109997663646936,0.9730783547968417,0.3095824721654256,0.17206635703198125
19,0.496746163205667,0.16829481845100722,0.9737212399270355,0.30705919075012206,0.16795743644010358
20,0.4779523806138472,0.11480261851102114,0.9818932509210848,0.2464294424057007,0.11572704150100063
1,11.656138344244523,6.402563055356343,-0.007675968826916124,2.0570241317749023,6.4404360029370995
2,6.9340112187645655,5.141333291927974,0.1937949071982309,1.7879264329274496,5.152759881211
3,4.670032399350947,1.832360863685608,0.7111586480880874,1.0832301858266196,1.8460936844173523
4,1.315105618130077,0.2907253826657931,0.9542866825683259,0.418356994787852,0.29217099991318335
5,0.9258172311566093,0.20422654474774996,0.9679953099394649,0.352814381202062,0.20455400794034237
6,0.6220856696367264,0.5566916763782501,0.9128391325628147,0.6623163855075836,0.5570778762772076
7,0.5122352102940733,1.0939712524414062,0.829084097736104,1.001940937201182,1.09238779574781
8,0.2580993686210025,0.09964149693648021,0.984510703066629,0.2394406103293101,0.09899792067682094
9,0.29138242155313493,0.05462053852776686,0.9915289571752444,0.185442436615626,0.054141619805115324
10,0.21594612083651804,0.08660170404861371,0.9863642892625765,0.22516112084686757,0.08715095435011078
11,0.2222560896792195,0.23843948232630888,0.9626028640181836,0.4497190860112508,0.23901915738291785
12,0.20412168746644802,0.18620826924840608,0.9708578873523089,0.40421365574995677,0.18625819936574903
13,0.10963741192086177,0.13090390898287296,0.9794806872792946,0.3232113700012366,0.13114664285961145
14,0.1122586536813866,0.020560940261930227,0.9968006361220474,0.10670591688156128,0.02044833750481327
15,0.10932194383984262,0.01792824435203026,0.9972160021319134,0.09718615978956223,0.0177935771581398
16,0.10812957645817237,0.028038776014000177,0.9956490866632021,0.12582184193531673,0.02780832307889019
17,0.12262396893718026,0.021664099069312215,0.9965988081706348,0.11487110262115796,0.02173829582960051
18,0.11451247422532602,0.016675203553556155,0.9973698853422461,0.09001491016149521,0.016810051700816
19,0.10132362869652835,0.03745134687051177,0.9941367899007403,0.16188379234075545,0.03747398031136627
20,0.126302665268833,0.02064551894242565,0.9967476452963896,0.1145972736577193,0.02078702179614288
1,19.03016919222745,6.360143820444743,-0.0004453973238096598,2.0299927393595376,6.3942227017658615
2,7.1119513511657715,6.334463993708293,0.0035834052504321035,2.02450883102417,6.368473109684115
3,6.806826062635942,5.632433772087097,0.11384478578256862,1.8976344629923503,5.66375116842415
4,5.784623843973333,4.626745442549388,0.27322929740498747,1.732982999165853,4.645064826068901
5,4.498117412220348,4.182820459206899,0.341165443877961,1.6435054613749187,4.210859369969054
6,2.423682071945884,1.6873325606187184,0.7336570933157839,1.0464137417475383,1.7022976615517385
7,1.707266262444583,0.9091279109319051,0.8571361724299613,0.755518196105957,0.913096438799284
8,1.4125227689743043,0.8707473427057266,0.8631761127501071,0.7369017502466838,0.8744929091956716
9,0.8823413149877029,0.48930427183707553,0.923546611208913,0.553206135114034,0.48864235423802216
10,0.8344368555329063,0.2602998490134875,0.9594610701680816,0.39011666933695477,0.2590995431934075
11,0.6239536957307296,0.6271184037129084,0.9019494809711446,0.694141388575236,0.6266777341085696
12,0.6343219965696335,0.3962629747887452,0.9380076912761022,0.4939537262916565,0.3962161541625111
13,0.5737082253802906,0.18177530045310655,0.9716771256707766,0.3341508685747782,0.18102213923881444
14,0.4646411605856635,0.6080487469832102,0.9048232197778986,0.7270142116546631,0.6083105888688134
15,0.5240169920704582,0.503172571460406,0.9213573769562409,0.5689513177871705,0.5026345734989293
16,0.617230056903579,0.21562747160593668,0.9663009876387275,0.34514474614461266,0.21538305882954
17,0.2335130282423713,0.13902149287362894,0.9783154348234885,0.30563227144877114,0.13859420943959155
18,0.2815730479630557,0.06546945869922638,0.9897511616193734,0.19584755992889405,0.06550417965381568
19,0.3051067600196058,0.25228577976425487,0.9607592288955811,0.450066735347112,0.2508025226582764
20,0.2252233770760623,0.3413353388508161,0.9469329501419008,0.5297616457939148,0.33917146885385885
1,9.212586736679077,6.4304923216501875,-0.012958056033379961,2.0849222831726073,6.474195808338401
2,4.684136902202259,2.8408423364162445,0.5572621909716919,1.49789084148407,2.829703806916111
3,0.8844696998596191,0.18884281379481158,0.9706291507230542,0.3542437032063802,0.18772014116828828
4,0.4766799982298504,0.5577816143631935,0.9129590145905544,0.6764646155834197,0.5563116651622811
5,0.294860408522866,0.4157458959768216,0.9354681752448697,0.5225613028407097,0.41244715597614595
6,0.2434088687327775,0.05046291664863626,0.9921961335383095,0.16792540001869202,0.04987744481045333
7,0.22672628408128565,0.05251799197867513,0.9917770137276328,0.18227289899190266,0.05255619710953715
8,0.1910085988315669,0.08394442731514573,0.9869986021228326,0.23904419525464377,0.0830968223585781
9,0.191962207718329,0.06694063978890578,0.9895637857270874,0.1978526374499003,0.06670176943475131
10,0.09864140345968983,0.024530439909237128,0.9961493839680962,0.12093258561690648,0.024610734891525207
11,0.10400459305806593,0.03419843618758023,0.9946662698380724,0.1499921454191208,0.03408987494742034
12,0.097472218695012,0.01689348932510863,0.9974121111337794,0.09913006661335627,0.016540170790229566
13,0.09254007982936772,0.025448551634326577,0.9960089788123636,0.12712687026460964,0.025508117034150825
14,0.08234248059717092,0.030392014925989013,0.9952533534200203,0.14265386669834454,0.03033760303176398
15,0.09198744247921488,0.012474986258894205,0.9980443720787023,0.08220983156561852,0.01249915336111151
16,0.08885807716711001,0.06769199979801972,0.9893828999740363,0.23435666918754577,0.067857878295544
17,0.09892810557714918,0.04773094644770026,0.9925391307810958,0.18688237488269807,0.04768522046484305
18,0.08639089695431969,0.0933348008741935,0.9855733366679138,0.27627051828304927,0.09220622978077553
19,0.0892024295235222,0.00867767488428702,0.9986614228952845,0.06963491201400757,0.00855534958122835
20,0.07441131563179872,0.04901571525260806,0.9923771655604972,0.20219164058566094,0.04872040108861214
1,10.66298342401331,5.6895050803820295,0.1054321302118294,1.912647398630778,5.717519613335239
2,3.6938775609840047,1.2090624918540318,0.8095279848751429,0.9071619237263997,1.217378266140649
3,0.5706907712600447,0.4906572178006172,0.9238667916405713,0.5974054458936056,0.48659596071145195
4,0.4021527927030217,0.43222084393103916,0.9324876531280941,0.583660257657369,0.43149679350077463
5,0.44526227780363775,0.2810379161189,0.9561837004826936,0.46285956756273905,0.28004644514372373
6,0.35401629304344,0.4270150226851304,0.9332599134707247,0.6123971051375071,0.42656098728113373
7,0.316522453725338,0.11992030994345744,0.9812556494553069,0.2956145417690277,0.1198021922069386
8,0.28556024838577615,0.06881771966194113,0.9891472388009728,0.19802069361011188,0.06936407746119351
9,0.1812818533994935,0.03194784877511362,0.9950291315573256,0.1432605796257655,0.03177068926366605
10,0.2226831562478434,0.042105868769188724,0.9933665603961138,0.16855900519837935,0.042396806681727496
11,0.1612608312205835,0.1499104689185818,0.9765024505787755,0.3607571168343226,0.1501816734296279
12,0.19603196074339477,0.0586642079676191,0.9907890920509579,0.20441650825738908,0.05887037600371671
13,0.12202751460400495,0.14233817035953203,0.97782505296471,0.34360749076803526,0.14172842428262336
14,0.11489035588773815,0.08490932344769438,0.9866778791529743,0.2686201448738575,0.0851466834507793
1,10.240387738834729,6.35783314704895,0.00085343470501964,2.025996218363444,6.385921377908771
2,7.2945497902956875,6.314401686191559,0.008068038028814062,2.0184126440684,6.339810135375551
3,5.12274887453426,1.2803972984353702,0.8001316966500992,0.8896046320597331,1.2774334771912754
4,1.389464374970306,0.4224370028823614,0.9347639987048929,0.5326290841897329,0.41694781301351636
5,0.469064764407548,0.24345089681446552,0.9617855206371491,0.4310272254149119,0.24424310625222062
6,0.3099668752063404,0.21814922988414764,0.9657224788575507,0.40677937654654184,0.21908052596934294
7,0.4241547472097657,0.13878108902523914,0.9780843086438872,0.29211312886079155,0.14007142375686668
8,0.27553023330189963,0.06198197013388077,0.9902152076300271,0.193736234297355,0.06253828711842774
9,0.2638328308070248,0.07949436789688964,0.9877503062240938,0.2044469297726949,0.0782923988066767
10,0.23329895104874265,0.06265635726352532,0.9904387113527051,0.17720812022686006,0.0611097907893927
11,0.21820543029091574,0.06076726224273443,0.9904501442967616,0.19765021308263142,0.061036718545141165
12,0.1618528472428972,0.12179615255445242,0.9809581641745987,0.30823203079899153,0.12170353249041019
13,0.19957422719083048,0.4460434044400851,0.9303804411337236,0.6162693633139134,0.4449647776685062
14,0.17950977859171954,0.053578054221967854,0.9917250290215999,0.17134117791056633,0.052888450912042875
15,0.19176605309952388,0.018981882642644148,0.9969976443638633,0.1040483369131883,0.019189183756268935
16,0.17406618930399417,0.03341215911010901,0.9947506553274373,0.13223692868153253,0.03355053555594498
17,0.15863872211087834,0.06587877947216232,0.9896707276517319,0.216072391162316,0.0660182633841845
18,0.1439849132163958,0.022702722538573045,0.996431717116632,0.1141466469268004,0.02280623758196898
19,0.11554590809074315,0.04209272563457489,0.9933889550437565,0.1670879841943582,0.042253674068256135
20,0.11948120648210699,0.03733758574041227,0.9942173459560172,0.1574659595390161,0.03695911627301484
1,10.92218813679435,6.212376316388448,0.02307142024906228,1.9972791964213052,6.24391787833423
2,5.95116821419109,4.122197498877843,0.3499393958628908,1.6621535790761313,4.15478174382742
3,2.190095143155618,0.8280743757883707,0.8697660863798795,0.7680902709960937,0.8323739098977113
4,0.5210153309459036,0.9465398217240969,0.8515623945618247,0.9164793340365092,0.9487205488950231
5,0.4837249034507708,0.11812311690300703,0.9816945029765771,0.2645884443124135,0.11699731434357623
6,0.3109461107037284,0.6409504239757856,0.8994937821611103,0.7267975155512492,0.6423730285462517
7,0.2757981184870005,0.3161381557583809,0.9507436965241121,0.5131557337840398,0.3148155558845067
8,0.1999978297813372,0.18486361826459566,0.9710766381635383,0.38546787325541176,0.18486008068087767
9,0.129396988959475,0.03260410476165513,0.9949440396090636,0.1370482094883919,0.03231454389958104
10,0.10930677794597365,0.0738076336371402,0.9884135583254823,0.22705327814817428,0.07405330524391265
11,0.15283152210441503,0.030538158336033423,0.9952287369765009,0.1367283685406049,0.03049493597807912
12,0.11804189766672525,0.025145845448908705,0.9960828570334944,0.11622754861911137,0.02503593354469272
13,0.10195858058604328,0.03741447860375047,0.9941556938353541,0.1604248178799947,0.03735315815737009
14,0.10166179050098766,0.17102471304436526,0.9733236798585514,0.38360454845428466,0.17049839232037153
15,0.13203564428470352,0.14761249100168547,0.9769449630493663,0.3556215575536092,0.14735340984539358
16,0.09350006741217591,0.03382138612990578,0.9947069775335109,0.15237157086531322,0.03382969675977914
17,0.08787730393761939,0.014168948284350336,0.9977673530309321,0.08650093948841095,0.014269686254573182
18,0.08025829836048863,0.014009222310657302,0.9978066379923829,0.08446639728546143,0.014018601294795568
19,0.08378615318374201,0.018189619372909267,0.99713579466587,0.10494189111391704,0.018306213231630602
20,0.07989353510466489,0.029909371320779126,0.995325349702866,0.1451430672009786,0.029877447717494857
1,14.429834376681935,6.215907275676727,0.021364525745801388,2.033471565246582,6.254827282896903
2,6.332817326892506,5.163401325543721,0.19054379367251228,1.7780437965393066,5.173538970172554
3,4.8671559702266345,3.2583715617656708,0.4862150317426799,1.4475647497177124,3.283792915280598
4,2.1423370827328077,0.7882866958777109,0.8764073835771807,0.7214504089355469,0.789926882382013
5,0.8841988388787616,0.6777945583065351,0.8941215141714308,0.7124913520812989,0.6767092132410569
6,0.5342915203083646,0.8500601798295975,0.8666865086738285,0.8019918519655863,0.8520566489383008
7,0.7452395723624663,0.5517895023028055,0.9135716664926651,0.6617031132380168,0.5523959764987764
8,0.4582729154351083,0.24080116177598634,0.9624574613321034,0.415399676879247,0.23994848062106594
9,0.2113450898365541,0.1595923382168015,0.9750101197126126,0.3408695719242096,0.1597197211116804
10,0.24708139767700976,0.04846581188030541,0.9923384456573909,0.17207708470026653,0.04896787454804729
11,0.23845190832560711,0.05834591807797551,0.990779694534999,0.18687092514832815,0.05893043906167633
12,0.1851919936862859,0.031077609475081164,0.9951058615249029,0.13127064541975658,0.031280279190412576
13,0.13817334639077836,0.18231264998515448,0.9715050172562347,0.3749849523703257,0.18212214882891564
14,0.1551949940621853,0.20614053246875605,0.9677791535793867,0.4225237871557474,0.2059355445123935
15,0.16440918123857542,0.02448015900639196,0.9961447049273842,0.11995948088169098,0.024640640400035163
16,0.10281103307550604,0.06837455229833722,0.9892402982610404,0.1991131466627121,0.06876929946154467
17,0.2038837879896164,0.046191340778023005,0.9927664008406241,0.18477693196137746,0.046232652060855195
18,0.12810059862042014,0.024015266681089997,0.9961973073168996,0.11949696266651154,0.02430443875014374
19,0.18650582094084134,0.04296344743731121,0.9933191248113465,0.16690536351998647,0.042699985339755005
20,0.10505374548110095,0.02270739890324573,0.9964302048379859,0.12256185746192932,0.02281590312341303
1,10.276764759150419,5.587993095318477,0.11943225176262595,1.9289568710327147,5.628039572458396
2,4.373350127176805,0.9450839286049207,0.8523929500847693,0.7970062952041626,0.9434121562590071
3,0.7948342739181085,0.30133397442599136,0.952376460182889,0.4379397462209066,0.3043799494221278
4,0.39805652783675627,0.10057761240750551,0.9842346055001772,0.2475200473467509,0.10076256403669975
5,0.30598846863616597,0.3090892229229212,0.9518837800804064,0.48949132442474363,0.3075288532048126
6,0.3640967009419745,0.18191153990725675,0.9714344149867234,0.3601270950635274,0.18257339447981538
7,0.288650339638645,0.10220160847529769,0.9839348923424759,0.2497511321703593,0.10267814351971555
8,0.16669497977603565,0.062399747936675944,0.9902475671454373,0.20315476179122924,0.06233146528826381
9,0.20712010250850157,0.038809317629784346,0.9939293280857878,0.147295383532842,0.03879994677636978
10,0.15348363247784702,0.040618595822403826,0.9935989538806496,0.15982794157663982,0.04091149254210957
11,0.1490238237448714,0.08931035920977592,0.9860427707579008,0.24727239747842153,0.0892059000044509
12,0.14809620007872581,0.10241817620893319,0.9840918543574864,0.2786238296031952,0.10167494026406644
13,0.12570451857014137,0.024453441651227575,0.9961804560078412,0.11803159356117249,0.02441214180242814
14,0.11583795168183067,0.026167007473607857,0.9959188608618152,0.1295750211874644,0.026084094740454405
15,0.10355495956133712,0.017841747729107738,0.9972113794477736,0.1009157346089681,0.017823122470606297
16,0.09655464755540544,0.0268422612377132,0.9957748651393472,0.12669568832715353,0.02700442554513984
17,0.11116193289106542,0.029621397455533344,0.9953576660769881,0.12919056622187297,0.029670901619524046
18,0.09471678957343102,0.018169909017160535,0.9971660631893646,0.10180164964993794,0.01811275571701129
19,0.08117369951849635,0.01463351002894342,0.9977332179024134,0.09028317499160766,0.01448785669574471
20,0.08167316805232655,0.016072560256967943,0.9975210623940578,0.09281385513146719,0.015843822320116354
1,9.764047646522522,6.366148094336192,-0.0003656535520211168,2.027689821879069,6.393713029336704
2,6.76704571463845,4.909614642461141,0.23305652271662713,1.725322858174642,4.901824134065494
3,2.473893224109303,0.6483003149429957,0.8981654971960041,0.701351537545522,0.6508625971933917
4,0.45064573856917295,0.12525027990341187,0.9804168923049474,0.2717690187295278,0.1251630045275743
5,0.532181662727486,0.08258918362359206,0.987221961827516,0.2258840334415436,0.08166924650269829
6,0.23408892012455246,0.15133128128945827,0.976243228596854,0.33840582394599916,0.15183845858355396
7,0.25748386816544966,0.28110388790567714,0.9564400628182508,0.48348307687044145,0.2784079370649395
8,0.24392478039318866,0.12380717694759369,0.9806750294452579,0.2973920057018598,0.12351315300428574
9,0.18186435350640254,0.04630218151335915,0.9928288926617632,0.1539065726598104,0.04583324333503022
10,0.15837702310898089,0.040925673209130764,0.9936208814021252,0.16284388742844264,0.04077134550761061
11,0.1515960232778029,0.14195198565721512,0.977770126657126,0.34735820231835046,0.14207947896668463
12,0.15376042293554001,0.08646052641173203,0.9864678025627553,0.2719995255072912,0.08648936192766724
13,0.13981222347779707,0.027887439588084817,0.9956035158478074,0.13351387923459213,0.0280995832947042
14,0.14630718955939467,0.023836308042518795,0.996239229244301,0.11268462567528088,0.024036499949476438
15,0.12118246782232414,0.025551310119529564,0.9960640031695336,0.12180329030752182,0.02515643567831945
16,0.13060318273915486,0.009195796582692614,0.9985619147623227,0.06764091967542966,0.009191343474044891
17,0.13827318224039944,0.15996512460211912,0.9750497038130481,0.3735032511850198,0.1594667242421759
18,0.1173335643315857,0.027809261227957904,0.9956119047213704,0.14063448623816172,0.028045966849546328
19,0.11632373871451074,0.01206968619953841,0.9981623390687454,0.08255657170216242,0.01174518197215855
20,0.10737716975537213,0.031633223756216466,0.9950579635828262,0.12927751290798187,0.03158641294785067
1,28.76932888031006,6.592139840126038,-0.03706003585280704,2.1150145823160806,6.628240623708771
2,7.181946086883545,6.306780616442363,0.00808977021891688,2.0182400023142497,6.3396712367773
3,6.999625049937855,6.2009949286778765,0.02463795383416023,1.9975368061065675,6.233905573175241
4,6.786071049083363,5.631706595420837,0.11413586928758479,1.8909038696289062,5.661890744296193
5,6.080597738786177,4.845993181069692,0.23681604623672659,1.7657001031239827,4.877795605667695
6,5.460994282635776,4.170897424221039,0.34271186727739755,1.623171100616455,4.200975596568056
7,4.608889965577559,3.0249655644098916,0.5240170140882492,1.4081809997558594,3.0421862325647027
8,3.310328262502497,1.7494585116704304,0.7245678067082819,1.0461345551808676,1.7603907098320484
9,2.0295667041431775,0.9164040187994639,0.855578151150064,0.7392664775848389,0.9230543386151084
10,1.2539648402820933,0.6563303098082542,0.8970180792835103,0.6218265399932862,0.6581961765012754
11,0.8556614052165639,0.5954179192582766,0.9066671646045551,0.6126857404708862,0.5965252441583968
12,0.8227089946920222,0.484204962849617,0.9238319867949112,0.5358069295883179,0.48681841156668776
13,0.7281645455143668,0.6280522594849268,0.9013398117791532,0.6577314726511637,0.6305743591502027
14,0.8261752545833587,0.7685114294290543,0.8795083427985123,0.7089140275319418,0.7701074860378156
15,0.6897144344719973,0.36039693156878155,0.9435836395231614,0.4612787218093872,0.36057817235901524
16,0.6844220210205425,0.8676257828871409,0.8640946177046891,0.8225931777954102,0.8686223986730749
17,0.669323948838494,0.271742961059014,0.9572226824189597,0.3819209502538045,0.2734059209318394
18,0.6239536610516635,0.20647237822413445,0.9674753405020943,0.34207404804229735,0.20787732812308674
19,0.4614048361778259,0.22292424738407135,0.9652592799551867,0.35916925271352135,0.22204100431713877
20,0.6120745225386186,0.6097202474872271,0.9043070891233176,0.6901745704015096,0.6116093739473671
1,9.96908932165666,6.360298176606496,0.00013923597244425157,2.0243040822347007,6.390486090547383
2,7.151560276204889,6.3270233273506165,0.005338825158367921,2.0179189790089924,6.357253561014612
3,5.455424757437273,1.2491854677597682,0.8041931509639363,0.8839732011159261,1.2514751955647205
4,0.8607554758136923,0.37135433219373226,0.9412841925519563,0.5032842160860698,0.3752748025440477
5,0.3492720551788807,0.0881549936408798,0.9862084818216473,0.2276176639397939,0.08814677828868676
6,0.32705217860639096,0.07733221398666501,0.9878600598324326,0.20438457616170247,0.07759092222842583
7,0.17949516939168628,0.055811933940276504,0.991222064435574,0.17667805057764052,0.05610308669601829
8,0.18014827150512824,0.2674343107889096,0.9585551846734793,0.46174951537450154,0.26488939800235645
9,0.19572372941130942,0.09233747764180104,0.9856189627269449,0.24014356219768523,0.09191461648210994
10,0.12837120562114498,0.03350083064287901,0.9948119440488035,0.14146506138642628,0.03315881629313506
11,0.12158604794266549,0.02262640775491794,0.9964754454458854,0.11394393651684125,0.02252675338785852
12,0.1464178065346046,0.3470340594649315,0.9458674146928192,0.5625629339416822,0.34598170655026783
13,0.14156937785446644,0.041671358359356724,0.9934366206920692,0.16846210443973542,0.04194902498760564
14,0.12217483811757782,0.06356650171801448,0.9901296586853595,0.20354335804780324,0.06308506259020172
15,0.09860211617567323,0.05603866884484887,0.9911629180752649,0.19726894054810207,0.05648111332378568
16,0.07527254218743606,0.031087020489697654,0.995175314200886,0.15233888272444407,0.030836381023998303
1,9.913682861761613,6.629849990208943,-0.0446439399777121,2.1246179542541506,6.67671220651899
2,7.117000464959578,6.341694196065267,0.0030812590468467516,2.0214327303568522,6.371682514878201
3,7.118851813403043,7.376815517743428,-0.1645410056322263,2.2372969436645507,7.443019434413676
4,4.301256427981636,1.1027519231041272,0.8276813874118218,0.9317911348342895,1.1013530448493796
5,0.5575069695711136,0.08542173883567254,0.9865842208630606,0.21687237083911895,0.0857452887971353
6,0.2966486183079806,0.072680846011887,0.9886795270399564,0.205918958624204,0.07235339918547158
7,0.2100452281196009,0.22613883515199026,0.9646040892483659,0.42829549010594686,0.22622857447613615
8,0.21249775337901983,0.19855327842136225,0.9692872294490397,0.4012760759194692,0.19629686459291443
9,0.17737765583125029,0.19362737921377024,0.9695967491178278,0.40018479923407235,0.19431860801029416
10,0.12205992364747957,0.017058133458097775,0.9973319718278838,0.09466868829727172,0.017052371226587204
11,0.11551992452957413,0.028358144452795386,0.995672168975671,0.12773278092344603,0.027660795340951633
12,0.11423779878426682,0.012076028312246004,0.9981093620027705,0.0795246161967516,0.012083778320181034
13,0.11108769500120119,0.02132286907484134,0.9966717264943555,0.10972509292761484,0.021272247405411577
14,0.09950523237613114,0.02226821011087547,0.9964735008145917,0.11598240174849828,0.022539182257638107
15,0.10889814397828146,0.049957402516156435,0.99211904038375,0.19550980201363563,0.050370176148269726
16,0.09859897548502142,0.017816395576422412,0.9972701997792401,0.11078925449649493,0.017447179615759357
17,0.08949142321944237,0.014426142520581683,0.9977166840442241,0.09423446156581243,0.014593530800163087
